Instancja;Maksymalna liczba wyrazów;Uzyskana najlepsza liczba wyrazów;Skutecznoœæ;Numer iteracji uzyskania najlepszego wyniku;Czas obliczeñ;D³ugoœæ sekwencji;Sekwencja
10.500-100;400;400;100.00%;3;38.85621690750122;509;ACCGCTGGCCCCAGGGAAAGCCGAGCGGCCACCGAGCCGGCAGAGACCCACCGAGCGGCGGCGGAGGGAGCAGCGCCGGGGCGCACGAGGGCACCATGGCCCAGACGCCCGCCTTCGACAAGCCCAAAGTAGAACTGCATGTCCACCTAGACGGATCCATCAAGCCTGAAACCATCTTATACTATGGCAGGAGGAGAGGGATCGCCCTCCCAGCTAACACAGCAGAGGGGCTGCTGAACGTCATTGGCATGGACAAGCCGCTCACCCTTCCAGACTTCCTGGCCAAGTTTGACTACTACATGCCTGCTATCGCGGGCTGCCGGGAGGCTATCAAAAGGATCGCCTATGAGTTTGTAGAGATGAAGGCCAAAGAGGGCGTGGTGTATGTGGAGGTGCGGTACAGTCCGCACCTGCTGGCCAACTCCAAAGTGGAGCCAATCCCCTGGAACCAGGCTGAAGGGGACCTCACCCCAGACGAGGTGGTGGCCCTAGTGGGCCAGGGCCTGCAG
10.500-200;300;299;99.67%;3;26.224210739135742;507;ACCGCTGGCCCCAGGGAAAGCCGAGCGGCCACCGAGCCGGCAGACGCCCGCCTTCGACAAGCCCAAAGTAGAACTGCATGTCCACCTAGACGGATCCATCAAGCCTGAAACCATCTTATACTATGGCAGGAGGAGAGGGATCGCCCTCCCAGCTAACACAGCAGAGGGGCTGCTGAACGTCATTGGCATGGACAAGCCGCTCACCCTTCCAGACTTCCTGGCCAACTCCAAAGTGGAGCCAATCCCCTGGAACCAGGCTGAAGGGGACCTCACCCCAGACGAGGTGGTGGCCCTAGTGGGCCAGGGCCTGCAGAGACCCACCGAGCGGCGGCGGAGGGAGCAGCGCCGGGGCGCACGAGGGCACCATGGCCCTATGAGTTTGTAGAGATGAAGGCCAAAGAGGGCGTGGTGTATGTGGAGGTGCGGTACAGTCCGCACCTGCTGGCCAAGTTTGACTACTACATGCCTGCTATCGCGGGCTGCCGGGAGGCTATCAAAAGGATCGCC
18.200-40;160;160;100.00%;3;12.87103819847107;209;CCCGGACGCTCGCGGGTCTCGGAACGCATCCCGCCGCGGGGGCTTCGGCCGTGGCATGGGCGCCGCGGGCCTGCTCGGGGTTTTCTTGGCTCTCGTCGCACCGGGGGTCCTCGGGATTTCTTGTGGCTCTCCTCCGCCTATCCTAAATGGCCGGATTAGTTATTATTCTACCCCCATTGCTGTTGGTACCGTGATAAGGTACAGTTGTT
18.200-80;120;117;97.50%;3;8.754714012145996;209;CCCGGACGCTCGCGGGTCTCGGAACGCATCCCGCCGCGGGGGCTTCGGCCGTGGCATGGGCGCCGCGGGCCTGCTCGGGATTTCTTGTGGCTCTCCTCCGCCTATCCTAAATGGCCGGATTAGTTATTATTCTACCCCCATTGCTGTTGGTACCGTGATAAGGTACAGTTGTTTTCTTGGCTCTCGTCGCACCGGGGGTCCTCGGGATT
20.300-120;180;178;98.89%;3;14.705143451690674;306;CGACAGCTGACGTTCCGGGAGAAGTCACGGATCATCCAGGAGGTGGAGGAGAATCCGGACCTGCGCAAGGGCGAGATCGCGCGGCGCTTCAACATCCCGCCGTCCACGCTGAGCACGATCCTGAAGAACAAGCGCGCCATCCTGGCGTCGGAGCGCAAGTACGGGGTGGCCTCCACCTGCCGCAAGACCAACAAGCTGTCTCCCTACGACAAGCTCGAGGGCTTGCTCATCGCCTGGTTCCAGCAGATCCGCGCCGCCGGCCTGCCGGTCAAGGGCATCCTCAAGGAGAAGGCGCTGCGCATAGCC
20.300-60;240;240;100.00%;3;20.596686840057373;309;CGACAGCTGACGTTCCGGGAGAAGTCACGGATCATCCAGGAGGTGGAGGAGAATCCGGACCTGCGCAAGGGCGAGATCGCGCGGCGCTTCAACATCCCGCCGTCCACGCTGAGCACGATCCTGAAGAACAAGCGCGCCATCCTGGCGTCGGAGCGCAAGTACGGGGTGGCCTCCACCTGCCGCAAGACCAACAAGCTGTCTCCCTACGACAAGCTCGAGGGCTTGCTCATCGCCTGGTTCCAGCAGATCCGCGCCGCCGGCCTGCCGGTCAAGGGCATCATCCTCAAGGAGAAGGCGCTGCGCATAGCC
25.500-100;400;399;99.75%;3;37.56611084938049;509;AGTGGCTCTACTTTCAGAAGAAAGTGTCTCTCTTCCTGCTTAAACCTCTGTCTCTGACGGTCCCTGCCAATCGCTCTGGTCGACCCCAACACACTAGGAGGACAGACACAGGCTCCAAACTCCACTAACCAGAGCTGTGATTGTGCCCGCTGAGTGGACTGCGTTGTCAGGGAGTGAGTGCTCCATCATCGGGAGAATCCAAGCAGGACCGCCATGGAGGAAGGTCAATATTCAGAGATCGAGGAGCTTCCCAGGAGGCGGTGTTGCAGGCGTGGGACTCAGATCGTGCTGCTGGGGCTGGTGACCGCCGCTCTGTGGGCTGGGCTGCTGACTCTGCTTCTCCTGTGGCACTGGGACACCACACAGAGTCTAAAACAGCTGGAAGAGAGGGCTGCCCGGAACGTCTCTCAAGTTTCCAAGAACTTGGAAAGCCACCACGGTGACCAGATGGCGCAGAAATCCCAGTCCACGCAGATTTCACAGGAACTGGAGGAACTTCGAGCTGAACA
25.500-200;300;299;99.67%;38;53.29982662200928;507;TGACCGCCGCTCTGTGGGCTGGGCTGCTGACTCTGCTTCTCCTGTGGCACTGGGACACCACACAGAGTGGCTCTACTTTCAGAAGAAAGTGTCTCTCTTCCTGCTTAAACCTCTGTCTCTGACGGTCCCTGCCAATCGCTCTGGTCGACCCCAACACACTAGGAGGACAGACACAGAGTCTAAAACAGCTGGAAGAGAGGGCTGCCCGGAACGTCTCTCAAGTTTCCAAGAACTTGGAAAGCCACCACGGTGACCAGATGGCGCAGAAATCCCAGTCCACGCAGATTTCACAGGAACTGGAGGAACTTCGAGCTGAACAAACTCCACTAACCAGAGCTGTGATTGTGCCCGCTGAGTGGACTGCGTTGTCAGGGAGTGAGTGCTCCATCATCGGGAGAATCCAAGCAGGACCGCCATGGAGGAAGGTCAATATTCAGAGATCGAGGAGCTTCCCAGGAGGCGGTGTTGCAGGCGTGGGACTCAGATCGTGCTGCTGGGGCTGGTGAC
35.200-40;160;159;99.38%;3;12.657951831817627;209;TGCAGAGGGGTCCATACGGCGTTGTTCTGGATTCCCGTCGTAACTTAAAGGGAAACTTTCACAATGTCCGGAGCCCTTGATGTCCTGCAAATGAAGGAGGAGGATGTCCTTAAGTTCCTTGCAGCAGGAACCCACTTAGGTGGCACCAATCTTGACTTCCAGATGGAACAGTACATCTATAAAAGGAAAAGTGATGGCATCTATATCAT
35.200-80;120;119;99.17%;8;10.063282012939453;209;TGCAGAGGGGTCCATACGGCGTTGTTCTGGATTCCCGTCGTAACTTAAAGGGAAACTTTCACAATGTCCGGAGCCCTTGATGTCCTGCAAATGAAGGAGGAGGATGTCCTTAAGTTCCTTGCAGCAGGAACCCACTTAGGTGGCACCAATCTTGACTTCCAGATGGAACAGTACATCTATATCTATAAAAGGAAAAGTGATGGCATCTA
53.500-100;400;391;97.75%;3;37.488755226135254;504;CTCTCCTCCTCGCACAGCCGCTCGAACCGCCTGCTGAGCCCCATGGCCCGCGCCACGCTCTCCGCCGCCCCCAGCAATCCCCGGCTCCTGCGGGTGGCGCTGCTGCTCCTGCTCCTGGTGGCCGCCAGCCGGCGCGCAGCAGGAGCGCCCCTGGCCACTGAACTGCGCTGCCAGTGCTTGCAGACCCTGCAGGGAATTCACCTCAAGAACATCCAAAGTGTGAAGGTGAAGTCCCCCGGACCCCACTGCGCCCAAACCGAAGTCATAGCCACACTCAAGAATGGGCAGAAAGCTTGTCTCAACCCCGCATCGCCCATGGTTAAGAAAATCATCGAAAAGATGCTGAAAAATGGCAAATCCAACTGACCAGAAGGAAGGAGGCCCTGCCCTTACAGGAACAGAAGAGGAAAGAGAGACACAGCTGCAGAGGCCACCTGGATTGCGCCTAATGTGTTTGAGCATCACTTAGGAGAAGTCTTATTGGTGGCTGTTCCTGAAGGAGGC
53.500-200;300;300;100.00%;5;27.914573669433594;507;CTCTCCTCCTCGCACAGCCGCTCGAACCGCCTGCTGAGCCCCATGGCCCGCGCCACGCTCTCCGCCGCCCCCAGCAATCCCCGGCTCCTGCGGGTGGCGCTGCTGCTCCTGCTCCTGGTGGCCGCCAGCCGGCGCGCAGCAGGAGCGCCCCTGGCCACTGAACTGCGCTGCCAGTGCTTGCAGACCCTGCAGGGAATTCACCTCAAGAACATCCAAAGTGTGAAGGTGAAGTCCCCCGGACCCCACTGCGCCCAAACCGAAGTCATAGCCACACTCAAGAATGGGCAGAAAGCTTGTCTCAACCCCGCATCGCCCATGGTTAAGAAAATCATCGAAAAGATGCTGAAAAATGGCAAATCCAACTGACCAGAAGGAAGGAGGAAGCTTATTGGTGGCTGTTCCTGAAGGAGGCCCTGCCCTTACAGGAACAGAAGAGGAAAGAGAGACACAGCTGCAGAGGCCACCTGGATTGCGCCTAATGTGTTTGAGCATCACTTAGGAGAAGTC
55.300-120;180;180;100.00%;4;14.713128566741943;309;TGATGTCCTTCGAGCCCTGGGCACAAATCCCACCAATGCAGAGGTCAGGAAAGTTCTGGGAAACCCCAGCAATGAAGAGCTGAATGCCAAGAAAATTGAGTTTGAACAATTTCTCCTCTTTGACAGAACAGGTGATTCCAAGATCACCTTAAGCCAGGTCGGTGAGCCTAACTACTCTTAGCCTTCCCTGCTGTGTTGCTGCCCAGCCGCTCCATCATGTCCTTCAGTGCTGACCAGATTGCTGAATTCAAGGAGGCATTTCTGCCTATGATGCAAGCCATTTCCAACAACAAGGACCAGGCCACCTAT
55.300-60;240;237;98.75%;3;20.172070503234863;309;GAGCCTAACTACTCTTAGCCTTCCCTGCTGTGTTGCTGCCCAGCCGCTCCATCATGTCCTTCGAGCCCTGGGCACAAATCCCACCAATGCAGAGGTCAGGAAAGTTCTGGGAAACCCCAGCAATGAAGAGCTGAATGCCAAGAAAATTGAGTTTGAACAATTTCTGCCTATGATGCAAGCCATTTCCAACAACAAGGACCAGGCCACCTATGACAGAACAGGTGATTCCAAGATCACCTTAAGCCAGGTCGGTGATGTCCTTCAGTGCTGACCAGATTGCTGAATTCAAGGAGGCATTTCTCCTCTTTG
55.400-160;240;236;98.33%;40;39.83381676673889;409;GCCTTCCCTGCTGTGTTGCTGCCCAGCCGCTCCATCATGTCCTTCAGTGCTGACCAGATTGCTGAATTCAAATCCCACCAATGCAGAGGTCTGCGTGTCTTTGACAAGGAAGGCAATGGCACAGTCATGGGTGCTGAACAGGTGATTCCAAGATCACCTTAAGCCAGGTCGGTGATGTCCTTCGAGCCCTGGGCACAAATCCCAGCAATGAAGAGCTGAATGCCAAGAAAATTGAGTTTGAACAATTTCTGCCTATGATGCAAGCCATTTCCAACAACAAGGACCAGGCCACCTATGAAGACTTTGTTGAGGGTCAGGAAAGTTCTGGGAAACCCCAGCAAGGCATTTCTCCTCTTTGACAGAACTCCGCCATGTTCTAGCCACCCTGGGTGAAAAGAGCCTAACTACT
55.400-80;320;320;100.00%;8;32.605323791503906;409;GGTCTGCGTGTCTTTGACAGAACAGGTGATTCCAAGATCACCTTAAGCCAGGTCGGTGATGTCCTTCAGTGCTGACCAGATTGCTGAATTCAAGGAGGCATTTCTCCTCTTTGACAAGGAAGGCAATGGCACAGTCATGGGTGCTGAACTCCGCCATGTTCTAGCCACCCTGGGTGAAAAGAGCCTAACTACTCTTAGCCTTCCCTGCTGTGTTGCTGCCCAGCCGCTCCATCATGTCCTTCGAGCCCTGGGCACAAATCCCACCAATGCAGAGGTCAGGAAAGTTCTGGGAAACCCCAGCAATGAAGAGCTGAATGCCAAGAAAATTGAGTTTGAACAATTTCTGCCTATGATGCAAGCCATTTCCAACAACAAGGACCAGGCCACCTATGAAGACTTTGTTGAGGGT
58.300-120;180;178;98.89%;3;14.22302508354187;306;AGAGCCTCCGGTGACTGGGGAGGGGTCCCCAATGCCCCATTCCACACGGCCCGGGAAATGGCCAATGCCAAGGAGATCGCTCGGACTGTGCAGATCCTGGGTGCAGACTTCATCCTGTCTCTAGCCGTGGGTGACTGGCCTGTGTCTCCCCCTGGATGGACATGTGGACGGCGTGTGCAAGACATCAATGACAAGAGGTTCCAGGAGACCTTTGAGGGGACAATTTTTACTTCACTGGTGTGCAAGCCTTGTTGCTACCCTCCCTGGCTGATGGTGCCACCCCTGCCCTGCGCTTTGTAGCCGTGG
58.300-60;240;236;98.33%;3;20.16897439956665;309;AGAGCCTCCGGTGACTGGGGAGGGGTCCCCAATGCCCCATTCCACACGGCCCGGGAAATGGCCAATGCCAAGGAGATCGCTCGGACTGTGCAGATCCTGGGTGCAGACTTCATCCTGTCTCTAGGGGACAATTTTTACTTCACTGGTGTGCAAGACATCAATGACAAGAGGTTCCAGGAGACCTTTGAGGCGCTGCTCATCCTGCAAGCCTTGTTGCTACCCTCCCTGGCTGATGGTGCCACCCCTGCCCTGCGCTTTGTAGCCGTGGGTGACTGGCCTGTGTCTCCCCCTGGATGGACATGTGGACGG
62.400-160;240;240;100.00%;34;38.110085010528564;408;CCTCTCGCTGCCGTCCAGGTGCACCGCCTGCCTCTCAGCAGGATGGACGTGATGGATGGCTGCCAGTTCTCACCTTCTGAGTACTTCTACGACGGCTCCTGCATACCGTCCCCCGAGGGTGAATTTGGGGACGAGTTTGTGCCGCGAGTGGCTGCCTTCGGAGCGCACAAAGCAGAGCTGCAGGGCTCAGATGAGGACGAGCACGTGCGAGCGCCTACCGGCCACCACCAGGCTGGTCACTGCCTCATGTGGGCCTGCAAAGCCTGCAAGAGGAAGTCCACCACCATGGATCGGCGGAAGGCAGCCACTATGCGCGAGCGGAGGCGCCTGAAGAAGGTCAACCAGGCTTTCGAAACCCTCAAGAGGTGTACCACGACCAACCCCAACCAGAGGCTGCCCAAGGTGGAG
62.400-80;320;320;100.00%;4;29.078885078430176;408;CCTCTCGCTGCCGTCCAGGTGCACCGCCTGCCTCTCAGCAGGATGGACGTGATGGATGGCTGCCAGTTCTCACCTTCTGAGTACTTCTACGACGGCTCCTGCATACCGTCCCCCGAGGGTGAATTTGGGGACGAGTTTGTGCCGCGAGTGGCTGCCTTCGGAGCGCACAAAGCAGAGCTGCAGGGCTCAGATGAGGACGAGCACGTGCGAGCGCCTACCGGCCACCACCAGGCTGGTCACTGCCTCATGTGGGCCTGCAAAGCCTGCAAGAGGAAGTCCACCACCATGGATCGGCGGAAGGCAGCCACTATGCGCGAGCGGAGGCGCCTGAAGAAGGTCAACCAGGCTTTCGAAACCCTCAAGAGGTGTACCACGACCAACCCCAACCAGAGGCTGCCCAAGGTGGAG
68.400-160;240;235;97.92%;16;26.849037170410156;407;TCAACGCCTGCCTCCCCTCGAGCGTCCTCAGCGCAGCCGCCGCCCGCGGAGCCAGCACGAACGAGCCCAGCACCGGCCGGATGGAGCGTCCGCAACCCGACAGCATGCCCCAGGATTTGTCAGAGGCCCTGAAGGAGGCCACCAAGGAGGTGCACACCCAGGCAGAGAATGCTGAGTTCATGAGGAACTTTCAGAAGGGCCAGGTGATGGCCTCCCTGTACCACATCTATGTGGCCCTGGAGGAGGAGAGCCCAGTCTTCGCCCCTGTCTACTTCCCAGAAGAGCTGCACCGCAAGGCTGCCCTGGAGCAGGACCTGGCCTTCTGGTACGGGCCCCGAGACGGCTTCAAGCTGGTGATGGCAGGAGGTCATCCCCTACACACCAGATTGAGCGCAACAAGGAGAGCC
68.400-80;320;320;100.00%;4;29.712221384048462;409;TCAACGCCTGCCTCCCCTCGAGCGTCCTCAGCGCAGCCGCCGCCCGCGGAGCCAGCACGAACGAGCCCAGCACCGGCCGGATGGAGCGTCCGCAACCCGACAGCATGCCCCAGGATTTGTCAGAGGCCCTGAAGGAGGCCACCAAGGAGGTGCACACCCAGGCAGAGAATGCTGAGTTCATGAGGAACTTTCAGAAGGGCCAGGTGACCCGAGACGGCTTCAAGCTGGTGATGGCCTCCCTGTACCACATCTATGTGGCCCTGGAGGAGGAGATTGAGCGCAACAAGGAGAGCCCAGTCTTCGCCCCTGTCTACTTCCCAGAAGAGCTGCACCGCAAGGCTGCCCTGGAGCAGGACCTGGCCTTCTGGTACGGGCCCCGCTGGCAGGAGGTCATCCCCTACACACCAGC
9.200-40;160;160;100.00%;2;12.726823091506958;207;TTGCCGATCCGCCGCCCGTCCACACCCGCCGCCAGCTCACCATGGATGATGATATCGCCGCGCTCGTCGTCGACAACGGCTCCGGCATGTGCAAGGCCGGCTTCGCGGGCGACGATGCCCCCCGGGCCGTCTTCCCCTCCATCGTGGGGCGCCCCAGGCACCAGGGCGTGATGGTGGGCATGGGTCAGAAGGATTCCTATGTGGGCG
9.200-80;120;120;100.00%;2;9.26526403427124;207;TTGCCGATCCGCCGCCCGTCCACACCCGCCGCCAGCTCACCATGGATGATGATATCGCCGCGCTCGTCGTCGACAACGGCTCCGGCATGTGCAAGGCCGGCTTCGCGGGCGACGATGCCCCCCGGGCCGTCTTCCCCTCCATCGTGGGGCGCCCCAGGCACCAGGGCGTGATGGTGGGCATGGGTCAGAAGGATTCCTATGTGGGCG
113.500-8;492;492;100.00%;17;70.35809350013733;509;CCCAGGTGCCGCTTCCTCTCGCCGCCGAGGGTCAGGAGCCCGGGAGCGCGACCCTCCCCCGGCCCGGCCTGGCCCGGCCTGGCCAGTCCCCGCGGTCTCTGCCCGGGCTGACGCCCAGGAATGTGGTCGACGAGAAGCCCCAACAGCACGGCGTGGCCTCTCAGCCTCGAGCCTGATCCGGGGATGGCCTCTGCCTCCACCACAATGCATACTACCACCATTGCAGAGCCTGATCCAGGGATGTCTGGATGGCCGGATGGCAGAATGGAGACCTCCACCCCCACCATAATGGACATTGTCGTCATTGCAGGTGTGATTGCTGCTGTGGCCATCGTCCTAGTCTCCCTCCTCTTCGTCATGCTGCGCTACATGTACCGGCACAAGGGCACGTACCACACCAATGAGGCCAAGGGCACGGAGTTTGCTGAGAGTGCAGATGCAGCCCTGCAGGGAGACCCTGCCCTCCAAGATGCTGGTGATAGCAGCAGAAAGGAGTACTTTATTTGAGG
144.500-12;488;488;100.00%;3;49.514384508132935;506;GCCATGGGGCGCTGGGCCTGGGTCCCCAGCCCCTGGCCCCCACCGGGGCTGGGCCCCTTCCTCCTCCTCCTGCTGCTGCCACGGGGGTTCCAGCCCCAGCCTGGCGGGAACCGTACGGAGTCCCCAGAACCTAATGCCACAGCGACCCCTGCGATCCCCACTATCCTGGTGACCTCTGTGACCTCTGAGACCCCAGCAACAAGTGCTCCAGAGGCAGAGGGACCCCAAAGTGGGGGGCTCCCGCCCCCGCCCAGGGCAGTTCCCTCGAGCAGTAGCCCCCAGGCCCAAGCACTCACCGAGGACGGGAGGCCCTGCAGGTTCCCCTTCCGCTACGGGGGCCGCATGCTGCATGCCTGCACTTCGGAGGGCAGTGCACACAGGAAGTGGTGTGCCACAACTCACAACTACGACCGGGACAGGGCCTGGGGCTACTGTGTGGAGGCCACCCCGCCTCCAGGGGGCCCAGCTGCCCTGGATCCCTGTGCCTCCGGCCCCTGCTGCTGCTG
28.500-18;482;482;100.00%;5;50.54744601249695;509;GGTACCTCCTGCCAGCACCTCTTGGGTTTGCTGAGAACTCACGGGCTCCAGCTACCTGGCCATGACCACCACATTTCTGCAAACTTCTTCCTCCACCTTTGGGGGTGGCATGAGGGTCTGTGGCTTTGGTGGAGGGGCTGGTAGTGTTTTCGGTGGAGGCTTTGGAGGGGGCGTTGGTGGGGGGAGTCTCTCTGGGGGAGGTGGAAGCCGAAGTATCTCAGCTTCTTCTGCTAGGTTTGTCTCTTCAGGGTCAGGAGGAGGATATGGGGGTGGCTCAACCCGAGGGGGTTCCCTCCTGGCTGGGGGAGGTGGCTTTGGTGGTGGCTTTGGTGGGGGTTTTGGTGGTGGCGATGGTGGTCTCCTCTCTGGCAATGAGAAAATTACCATGCAGAACCTCAATGACCGCCTGGCCTCCTACCTGGACAAGGTACGTGCCCTGGAGGAGGCCAATGCTGACCTGGAGGTGAAGATCCATGACTGGTACCAGAAGCAGACCCCAGCCAGCCCAG
34.500-32;468;468;100.00%;6;50.00396132469177;507;CGGCAGAGGAGTGGGAGCAGCGGCCCTAGCGGCTTGCGGGGGGACATGCGGACCGACGGCCCCTGGATAGGCGGAAGGAGTGGAGGCCCTGGTGCCCGGCCCTTGGTGCTGAGTATCCAGCAAGAGTGACCGGGGTGAAGAAGCAAAGACTCGGTTGATTGTCCTGGGCTGTGGCTGGCTGTGGAGCTAGAGCCCTGGATGGCCCCTGAGCCAGCCCCAGGGAGGACGATGGTGCCCCTTGTGCCTGCACTGGTGATGCTTGGTTTGGTGGCAGGCGCCCATGGTGACAGCAAACCTGTCTTCATTAAAGTCCCTGAGGACCAGACTGGGCTGTCAGGAGGGGTAGCCTCCTTCGTGTGCCAAGCTAGGCGGCGGCGGCTCCAGCTTCGGCTCCGGCTCGGGCTCGGGCTCCGGCTCCGGCTCCAGCTCGGGTGGCGGTGGCGGCGGCAGAGGCGGCGGGAGCGGTGGCGGGAGCGGGACCAGGTGGAGGCGGCGGGAGCGGCGGGA
59.500-2;498;498;100.00%;3;50.05488085746765;509;GCGGCCAGCGCGTGGTTTTTAGCGGCTCTCTGGGTAGCAGGGTGGTGTGATAGCGGCCGAGGGCTCGGAAGGGTGCTCGGATTCTCGTAGCTGTGCCGGGACTTAACCACCACCATGTCGAGCAAAAGAACAAAGACCAAGACCAAGAAGCGCCCTCAGCGTGCAACATCCAATGTGTTTGCTATGTTTGACCAGTCACAGATTCAGGAGTTCAAAGAGGCCTTCAACATGATTGATCAGAACAGAGATGGTTTCATCGACAAGGAAGATTTGCATGATATGCTTGCTTCATTGGGGAAGAATCCAACTGATGAGTATCTAGATGCCATGATGAATGAGGCTCCAGGCCCCATCAATTTCACCATGTTCCTCACCATGTTTGGTGAGAAGTTAAATGGCACAGATCCTGAAGATGTCATCAGAAATGCCTTTGCTTGCTTTGATGAAGAAGCAACTGGCACCATACAGGAAGATTACTTGAGAGAGCTGCTGACAACCATGGGGGATCG
10.500+50;500;484;96.80%;61;129.7306580543518;509;ATAGACGGATCCATCAAGCCTGAAACCATCTTATACTATGGCAGGAGGAGAGGGATCGCCCTCCCAGCTAACACAGCAGAGGGGCTGCTGAACGTCATTGGCATGGACAAGCCGCTCACCCTTCCAGACTTCCTGGCCAAGTTTGACTACTACATGCCTGCTATCGCGGGCTGCCGGGAGGCTATCAAAAGGATCGCCTATGAGTTTGTAGAGATGAAGGCCAAAGAGGGCGTGGTGTATGTGGAGGTGCGGTACAGTCCGCACCTGCTGGCCAACTCCAAAGTGGAGCCAATCCCCTGGAACCAGGCTGAAGGGGACCTCACCCCAGACGAGGTGGTGGCCCTAGTGGGCCAGGGCCTGCAGCGCCGGGGCGCACGAGGGCACCATGGCCCAGACGCTGGCCCCAGGGAAAGCCGAGCGGCCACCGAGCCGGCAGAGACCCACCGAGCGGCGGCGGACGCCCGCCTTCGACAAGCCCAAAGTAGAACTGCATGTCCACCTAGACGGAT
18.200+20;200;192;96.00%;7;15.598965883255005;209;CCCGGACGCTCGCGGGTCTCGGAACGCATCCCGCCGCGGGGGCTTCGGCCGTGGCATGGGCGCCGCGGGCCTGCTCGGGGTTTTCTTGGCTCTCGTCGCACCGGGGGTCCTCGGGATTTCTTGTGGCTCTCCTCCGCCTATCCTAAATGGCCGGATTAGTTATTATTCTACCCCCATTGCTGTTGGTACCGTGATAAAGGTACAGTTGT
20.300+30;300;293;97.67%;50;58.43478751182556;309;AAGCAGATCCGACAGCTGACGTTCCGGGAGAAGTCACGGATCATCCAGGAGGTGGAGGAGAATCCGGACCTGCGCAAGGGCGAGATCGCGCGGCGCTTCAACATCCCGCCGTCCACGCTGAGCACGATCCTGAAGAACAAGCGCGCCATCCTGGCGTCGGAGCGCAAGTACGGGGTGGCCTCCACCTGCCGCAAGACCAACAAGCTGTCTCCCTACGACAAGCTCGAGGGCTTGCTCATCGCCTGGTTCCAGCAGATCCGCGCCGCCGGCCTGCCGGTCAAGGGCATCATCCTCAAGGAGAAGGCGCTG
25.500+50;500;472;94.40%;5;51.007593631744385;502;ATGACGGTCCCTGCCAATCGCTCTGGTCGACCCCAACACACTAGGAGGACAGACACAGGCTCCAAACTCCACTAACCAGAGCTGTGATTGTGCCCGCTGAGTGGACTGCGTTGTCAGGGAGTGAGTGCTCCATCATCGGGAGAATCCAAGCAGGACCGCCATGGATGGCGCAGAAATCCCAGTCCACGCAGATTTCACAGGAACTGGAGGAACTTCGAGCTGAACACACTACTTTCAGAAGAAAGTGTCTCTCTTCCTGCTTAAACCTCTGTCAATATTCAGAGATCGAGGAGCTTCCCAGGAGGCGGTGTTGCAGGCGTGGGACTCAGATCGTGCTGCTGGGGCTGGTGACCGCCGCTCTGTGGGCTGGGCTGCTGACTCTGCTTCTCCTGTGGCACTGGGACACCACACAGAGTCTAAAACAGCTGGAAGAGAGGGCTGCCCGGAACGTCTCTCAAGTTTCCAAGAACTTGGAAAGCCACCACGGTGACCAGATGGCGCA
35.200+20;200;200;100.00%;5;16.08857011795044;209;TGCAGAGGGGTCCATACGGCGTTGTTCTGGATTCCCGTCGTAACTTAAAGGGAAACTTTCACAATGTCCGGAGCCCTTGATGTCCTGCAAATGAAGGAGGAGGATGTCCTTAAGTTCCTTGCAGCAGGAACCCACTTAGGTGGCACCAATCTTGACTTCCAGATGGAACAGTACATCTATAAAAGGAAAAGTGATGGCATCTATATCAT
53.500+50;500;476;95.20%;25;78.42608547210693;506;TCTGCTCCTGCTCCTGGTGGCCGCCAGCCGGCGCGCAGCAGGAGCGCCCCTGGCCACTGAACTGCGCTGCCAGTGCTTGCAGACCCTGCAGGGAATTCACCTCAAGAACATCCAAAGTGTGAAGGTGAAGTCCCCCGGACCCCACTGCGCCCAAACCGAAGTCATAGCCACACTCAAGAATGGGCAGAAAGCTTGTCTCAACCCCGCATCGCCCATGGTTAAGAAAATCATCGAAAAGATGCTGAAAAATGGCAAATCCAACTGACCAGAAGGAAGGAGGAAGCTTATTGGTGGCTGTTCCTGAAGGAGGCCCTGCCCTTACAGGAACAGAAGAGGAAAGAGAGACACAGCTGCAGAGGCCACCTGGATTGCGCCTAATGTGTTTGAGCACAGCCGCTCGAACCGCCTGCTGAGCCCCATGGCCCGCGCCACGCTCTCCGCCGCCCCCAGCAATCCCCGGCTCCTGCGGGTGGCGCTGCTGCTCCTGCTCCGCATCGCCACTGAAA
55.300+30;300;291;97.00%;8;28.241942167282104;309;TTAACTACTCTTAGCCTTCCCTGCTGTGTTGCTGCCCAGCCGCTCCATCATGTCCTTCGAGCCCTGGGCACAAATCCCACCAATGCAGAGGTCAGGAAAGTTCTGGGAAACCCCAGCAATGAAGAGCTGAATGCCAAGAAAATTGAGTTTGAACAATTTCTGCCTATGATGTCCTTCAGTGCTGACCAGATTGCTGAATTCAAGGAGGCATTTCTCCTCTTTGACAGAACAGGTGATTCCAAGATCACCTTAAGCCAGGTCGGTGATGTCCTATGATGCAAGCCATTTCCAACAACAAGGACCAGGCCA
55.400+40;400;394;98.50%;52;87.1134238243103;409;GCTTCGAGCCCTGGGCACAAATCCCACCAATGCAGAGGTCAGGAAAGTTCTGGGAAACCCCAGCAATGAAGAGCTGAATGCCAAGAAAATTGAGTTTGAACAATTTCTGCCTATGATGCAAGCCATTTCCAACAACAAGGACCAGGCCACCTATGAAGACTTTGTTGAGGGTCTGCGTGTCTTTGACAGAACAGGTGATTCCAAGATCACCTTAAGCCAGGTCGGTGATGTCCTTCGAGCCTAACTACTCTTAGCCTTCCCTGCTGTGTTGCTGCCCAGCCGCTCCATCATGTCCTTCAGTGCTGACCAGATTGCTGAATTCAAGGAGGCATTTCTCCTCTTTGACAAGGAAGGCAATGGCACAGTCATGGGTGCTGAACTCCGCCATGTTCTAGCCACCCTGGGTGAA
58.300+30;300;291;97.00%;33;47.695255517959595;309;CCTGCTCATCCTGCAAGCCTTGTTGCTACCCTCCCTGGCTGATGGTGCCACCCCTGCCCTGCGCTTTGTAGCCGTGGGTGACTGGCCTGTGTCTCCCCCTGGATGGACATGTGGACGGCGCTGCTCATCCTCCGGTGACTGGGGAGGGGTCCCCAATGCCCCATTCCACACGGCCCGGGAAATGGCCAATGCCAAGGAGATCGCTCGGACTGTGCAGATCCTGGGTGCAGACTTCATCCTGTCTCTAGGGGACAATTTTTACTTCACTGGTGTGCAAGACATCAATGACAAGAGGTTCCAGGAGACCTT
62.400+40;400;388;97.00%;10;42.596240758895874;409;ATCCAGGTGCACCGCCTGCCTCTCAGCAGGATGGACGTGATGGATGGCTGCCAGTTCTCACCTTCTGAGTACTTCTACGACGGCTCCTGCATACCGTCCCCCGAGGGTGAATTTGGGGACGAGTTTGTGCCGCGAGTGGCTGCCTTCGGAGCGCACAAAGCAGAGCTGCAGGGCTCAGATGAGGACGAGCACGTGCGAGCGCCTACCGGCCACCACCAGGCTGGTCACTGCCTCATGTGGGCCTGCAAAGCCTGCAAGAGGAAGTCCACCACCATGGATCGGCGGAAGGCAGCCACTATGCGCGAGCGGAGGCGCCTGAAGAAGGTCAACCAGGCTTTCGAAACCCTCAAGAGGTGTACCACGACCAACCCCAACCAGAGGCTGCCCAAGGTGGTGAATTTCCCCCGAG
68.400+40;400;384;96.00%;33;64.60479545593262;409;TAGGGCCAGGTGACCCGAGACGGCTTCAAGCTGGTGATGGCCTCCCTGTACCACATCTATGTGGCCCTGGAGGAGGAGATTGAGCGCAACAAGGAGAGCCCAGTCTTCGCCCCTGTCTACTTCCCAGAAACGCCTGCCTCCCCTCGAGCGTCCTCAGCGCAGCCGCCGCCCGCGGAGCCAGCACGAACGAGCCCAGCACCGGCCGGATGGAGCGTCCGCAACCCGACAGCATGCCCCAGGATTTGTCAGAGGCCCTGAAGGAGGCCACCAAGGAGGTGCACACCCAGGCAGAGAATGCTGAGTTCATGAGGAACTTTCAGAAGGGCCCCGCTGGCAGGAGGTCATCCCCTACACACCAGCTGCACCGCAAGGCTGCCCTGGAGCAGGACCTGGCCTTCTGGTACGGGCC
9.200+20;200;200;100.00%;5;15.812084674835205;209;TTGCCGATCCGCCGCCCGTCCACACCCGCCGCCAGCTCACCATGGATGATGATATCGCCGCGCTCGTCGTCGACAACGGCTCCGGCATGTGCAAGGCCGGCTTCGCGGGCGACGATGCCCCCCGGGCCGTCTTCCCCTCCATCGTGGGGCGCCCCAGGCACCAGGGCGTGATGGTGGGCATGGGTCAGAAGGATTCCTATGTGGGCGAC
10.500+200;500;500;100.00%;8;66.3745059967041;509;ACCGCTGGCCCCAGGGAAAGCCGAGCGGCCACCGAGCCGGCAGAGACCCACCGAGCGGCGGCGGAGGGAGCAGCGCCGGGGCGCACGAGGGCACCATGGCCCAGACGCCCGCCTTCGACAAGCCCAAAGTAGAACTGCATGTCCACCTAGACGGATCCATCAAGCCTGAAACCATCTTATACTATGGCAGGAGGAGAGGGATCGCCCTCCCAGCTAACACAGCAGAGGGGCTGCTGAACGTCATTGGCATGGACAAGCCGCTCACCCTTCCAGACTTCCTGGCCAAGTTTGACTACTACATGCCTGCTATCGCGGGCTGCCGGGAGGCTATCAAAAGGATCGCCTATGAGTTTGTAGAGATGAAGGCCAAAGAGGGCGTGGTGTATGTGGAGGTGCGGTACAGTCCGCACCTGCTGGCCAACTCCAAAGTGGAGCCAATCCCCTGGAACCAGGCTGAAGGGGACCTCACCCCAGACGAGGTGGTGGCCCTAGTGGGCCAGGGCCTGCAG
18.200+80;200;198;99.00%;26;27.48189377784729;209;CTACCCGGACGCTCGCGGGTCTCGGAACGCATCCCGCCGCGGGGGCTTCGGCCGTGGCATGGGCGCCGCGGGCCTGCTCGGGGTTTTCTTGGCTCTCGTCGCACCGGGGGTCCTCGGGATTTCTTGTGGCTCTCCTCCGCCTATCCTAAATGGCCGGATTAGTTATTATTCTACCCCCATTGCTGTTGGTACCGTGATAAGGTACAGTT
20.300+120;300;300;100.00%;22;43.70715618133545;309;CGACAGCTGACGTTCCGGGAGAAGTCACGGATCATCCAGGAGGTGGAGGAGAATCCGGACCTGCGCAAGGGCGAGATCGCGCGGCGCTTCAACATCCCGCCGTCCACGCTGAGCACGATCCTGAAGAACAAGCGCGCCATCCTGGCGTCGGAGCGCAAGTACGGGGTGGCCTCCACCTGCCGCAAGACCAACAAGCTGTCTCCCTACGACAAGCTCGAGGGCTTGCTCATCGCCTGGTTCCAGCAGATCCGCGCCGCCGGCCTGCCGGTCAAGGGCATCATCCTCAAGGAGAAGGCGCTGCGCATAGCC
25.500+200;500;500;100.00%;24;99.10163521766663;509;AGTGGCTCTACTTTCAGAAGAAAGTGTCTCTCTTCCTGCTTAAACCTCTGTCTCTGACGGTCCCTGCCAATCGCTCTGGTCGACCCCAACACACTAGGAGGACAGACACAGGCTCCAAACTCCACTAACCAGAGCTGTGATTGTGCCCGCTGAGTGGACTGCGTTGTCAGGGAGTGAGTGCTCCATCATCGGGAGAATCCAAGCAGGACCGCCATGGAGGAAGGTCAATATTCAGAGATCGAGGAGCTTCCCAGGAGGCGGTGTTGCAGGCGTGGGACTCAGATCGTGCTGCTGGGGCTGGTGACCGCCGCTCTGTGGGCTGGGCTGCTGACTCTGCTTCTCCTGTGGCACTGGGACACCACACAGAGTCTAAAACAGCTGGAAGAGAGGGCTGCCCGGAACGTCTCTCAAGTTTCCAAGAACTTGGAAAGCCACCACGGTGACCAGATGGCGCAGAAATCCCAGTCCACGCAGATTTCACAGGAACTGGAGGAACTTCGAGCTGAACA
35.200+80;200;200;100.00%;17;24.678592205047607;209;TGCAGAGGGGTCCATACGGCGTTGTTCTGGATTCCCGTCGTAACTTAAAGGGAAACTTTCACAATGTCCGGAGCCCTTGATGTCCTGCAAATGAAGGAGGAGGATGTCCTTAAGTTCCTTGCAGCAGGAACCCACTTAGGTGGCACCAATCTTGACTTCCAGATGGAACAGTACATCTATAAAAGGAAAAGTGATGGCATCTATATCAT
53.500+200;500;495;99.00%;7;71.94066309928894;509;ACATTACTCCTCGCACAGCCGCTCGAACCGCCTGCTGAGCCCCATGGCCCGCGCCACGCTCTCCGCCGCCCCCAGCAATCCCCGGCTCCTGCGGGTGGCGCTGCTGCTCCTGCTCCTGGTGGCCGCCAGCCGGCGCGCAGCAGGAGCGCCCCTGGCCACTGAACTGCGCTGCCAGTGCTTGCAGACCCTGCAGGGAATTCACCTCAAGAACATCCAAAGTGTGAAGGTGAAGTCCCCCGGACCCCACTGCGCCCAAACCGAAGTCATAGCCACACTCAAGAATGGGCAGAAAGCTTGTCTCAACCCCGCATCGCCCATGGTTAAGAAAATCATCGAAAAGATGCTGAAAAATGGCAAATCCAACTGACCAGAAGGAAGGAGGAAGCTTATTGGTGGCTGTTCCTGAAGGAGGCCCTGCCCTTACAGGAACAGAAGAGGAAAGAGAGACACAGCTGCAGAGGCCACCTGGATTGCGCCTAATGTGTTTGAGCATCACTTAGGAGAAGTCT
55.300+120;300;300;100.00%;12;36.288490772247314;309;GAGCCTAACTACTCTTAGCCTTCCCTGCTGTGTTGCTGCCCAGCCGCTCCATCATGTCCTTCAGTGCTGACCAGATTGCTGAATTCAAGGAGGCATTTCTCCTCTTTGACAGAACAGGTGATTCCAAGATCACCTTAAGCCAGGTCGGTGATGTCCTTCGAGCCCTGGGCACAAATCCCACCAATGCAGAGGTCAGGAAAGTTCTGGGAAACCCCAGCAATGAAGAGCTGAATGCCAAGAAAATTGAGTTTGAACAATTTCTGCCTATGATGCAAGCCATTTCCAACAACAAGGACCAGGCCACCTATG
55.400+160;400;398;99.50%;7;48.962913036346436;409;GAGCCTAACTACTCTTAGCCTTCCCTGCTGTGTTGCTGCCCAGCCGCTCCATCATGTCCTTCAGTGCTGACCAGATTGCTGAATTCAAGGAGGCATTTCTCCTCTTTGACAGAACAGGTGATTCCAAGATCACCTTAAGCCAGGTCGGTGATGTCCTTCGAGCCCTGGGCACAAATCCCACCAATGCAGAGGTCAGGAAAGTTCTGGGAAACCCCAGCAATGAAGAGCTGAATGCCAAGAAAATTGAGTTTGAACAATTTCTGCCTATGATGCAAGCCATTTCCAACAACAAGGACCAGGCCACCTATGAAGACTTTGTTGAGGGTCTGCGTGTCTTTGACAAGGAAGGCAATGGCACAGTCATGGGTGCTGAACTCCGCCATGTTCTAGCCACCCTGGGTGAAAAGAT
58.300+120;300;300;100.00%;25;47.63338613510132;309;AGAGCCTCCGGTGACTGGCCTGTGTCTCCCCCTGGATGGACATGTGGACGGCGCTGCTCATCCTGCAAGCCTTGTTGCTACCCTCCCTGGCTGATGGTGCCACCCCTGCCCTGCGCTTTGTAGCCGTGGGTGACTGGGGAGGGGTCCCCAATGCCCCATTCCACACGGCCCGGGAAATGGCCAATGCCAAGGAGATCGCTCGGACTGTGCAGATCCTGGGTGCAGACTTCATCCTGTCTCTAGGGGACAATTTTTACTTCACTGGTGTGCAAGACATCAATGACAAGAGGTTCCAGGAGACCTTTGAGG
62.400+160;400;400;100.00%;26;72.33792734146118;409;CCTCTCGCTGCCGTCCAGGTGCACCGCCTGCCTCTCAGCAGGATGGACGTGATGGATGGCTGCCAGTTCTCACCTTCTGAGTACTTCTACGACGGCTCCTGCATACCGTCCCCCGAGGGTGAATTTGGGGACGAGTTTGTGCCGCGAGTGGCTGCCTTCGGAGCGCACAAAGCAGAGCTGCAGGGCTCAGATGAGGACGAGCACGTGCGAGCGCCTACCGGCCACCACCAGGCTGGTCACTGCCTCATGTGGGCCTGCAAAGCCTGCAAGAGGAAGTCCACCACCATGGATCGGCGGAAGGCAGCCACTATGCGCGAGCGGAGGCGCCTGAAGAAGGTCAACCAGGCTTTCGAAACCCTCAAGAGGTGTACCACGACCAACCCCAACCAGAGGCTGCCCAAGGTGGAGA
68.400+160;400;400;100.00%;17;61.72615432739258;409;TCAACGCCTGCCTCCCCTCGAGCGTCCTCAGCGCAGCCGCCGCCCGCGGAGCCAGCACGAACGAGCCCAGCACCGGCCGGATGGAGCGTCCGCAACCCGACAGCATGCCCCAGGATTTGTCAGAGGCCCTGAAGGAGGCCACCAAGGAGGTGCACACCCAGGCAGAGAATGCTGAGTTCATGAGGAACTTTCAGAAGGGCCAGGTGACCCGAGACGGCTTCAAGCTGGTGATGGCCTCCCTGTACCACATCTATGTGGCCCTGGAGGAGGAGATTGAGCGCAACAAGGAGAGCCCAGTCTTCGCCCCTGTCTACTTCCCAGAAGAGCTGCACCGCAAGGCTGCCCTGGAGCAGGACCTGGCCTTCTGGTACGGGCCCCGCTGGCAGGAGGTCATCCCCTACACACCAGC
9.200+80;200;200;100.00%;5;17.97404384613037;209;TTGCCGATCCGCCGCCCGTCCACACCCGCCGCCAGCTCACCATGGATGATGATATCGCCGCGCTCGTCGTCGACAACGGCTCCGGCATGTGCAAGGCCGGCTTCGCGGGCGACGATGCCCCCCGGGCCGTCTTCCCCTCCATCGTGGGGCGCCCCAGGCACCAGGGCGTGATGGTGGGCATGGGTCAGAAGGATTCCTATGTGGGCGAC
